{
    "cqt35me9nfw0008hrg8g": [
        {
            "decoding": "kde",
            "num_errors": 100.16666666666667,
            "error_list": [
                146,
                235,
                261,
                171,
                241,
                508,
                294,
                386,
                174,
                236,
                163,
                91,
                52,
                22,
                18,
                17,
                3,
                6,
                8,
                30,
                28,
                52,
                98,
                88,
                150,
                199,
                103,
                123,
                51,
                39,
                18,
                25,
                23,
                15,
                11,
                17,
                10,
                26,
                20,
                22,
                15,
                12
            ],
            "additional_info": {
                "rel_error": 1,
                "bandwidth_linspace": [
                    0.4,
                    0.7,
                    20
                ],
                "num_points_bandwidths": 51
            }
        },
        {
            "decoding": "hard",
            "num_errors": 122.30952380952381,
            "error_list": [
                198,
                302,
                361,
                235,
                374,
                567,
                372,
                409,
                237,
                266,
                215,
                147,
                91,
                39,
                20,
                18,
                16,
                22,
                18,
                50,
                54,
                83,
                115,
                97,
                141,
                178,
                93,
                95,
                45,
                38,
                23,
                27,
                22,
                22,
                19,
                20,
                19,
                23,
                17,
                20,
                17,
                12
            ]
        }
    ],
    "cqt35k6txzj0008xymcg": [
        {
            "decoding": "kde",
            "num_errors": 102.28571428571429,
            "error_list": [
                125,
                243,
                279,
                180,
                247,
                524,
                273,
                393,
                179,
                251,
                138,
                72,
                46,
                21,
                18,
                17,
                5,
                15,
                6,
                15,
                25,
                55,
                119,
                103,
                160,
                199,
                106,
                110,
                52,
                39,
                22,
                28,
                24,
                20,
                20,
                26,
                17,
                39,
                21,
                26,
                25,
                13
            ],
            "additional_info": {
                "rel_error": 1,
                "bandwidth_linspace": [
                    0.4,
                    0.7,
                    20
                ],
                "num_points_bandwidths": 51
            }
        },
        {
            "decoding": "hard",
            "num_errors": 124.85714285714286,
            "error_list": [
                202,
                340,
                386,
                225,
                347,
                608,
                336,
                448,
                232,
                277,
                184,
                122,
                71,
                38,
                18,
                20,
                23,
                30,
                21,
                41,
                35,
                61,
                133,
                139,
                165,
                171,
                87,
                96,
                51,
                33,
                33,
                29,
                27,
                22,
                20,
                35,
                23,
                30,
                18,
                24,
                30,
                13
            ]
        }
    ],
    "cqt35j636d60008hyesg": [
        {
            "decoding": "kde",
            "num_errors": 102.9047619047619,
            "error_list": [
                153,
                261,
                292,
                173,
                269,
                524,
                277,
                403,
                193,
                225,
                132,
                73,
                53,
                24,
                16,
                23,
                8,
                17,
                9,
                24,
                25,
                52,
                91,
                112,
                165,
                218,
                110,
                97,
                45,
                30,
                21,
                30,
                13,
                14,
                15,
                21,
                18,
                22,
                23,
                27,
                18,
                6
            ],
            "additional_info": {
                "rel_error": 1,
                "bandwidth_linspace": [
                    0.4,
                    0.7,
                    20
                ],
                "num_points_bandwidths": 51
            }
        },
        {
            "decoding": "hard",
            "num_errors": 123.07142857142857,
            "error_list": [
                195,
                307,
                372,
                242,
                377,
                612,
                336,
                427,
                246,
                274,
                188,
                115,
                75,
                31,
                20,
                24,
                18,
                21,
                14,
                35,
                40,
                68,
                116,
                140,
                178,
                195,
                96,
                96,
                41,
                29,
                26,
                29,
                18,
                15,
                23,
                18,
                18,
                22,
                17,
                23,
                21,
                11
            ]
        }
    ],
    "cqt35he36d60008hyes0": [
        {
            "decoding": "kde",
            "num_errors": 88.54761904761905,
            "error_list": [
                135,
                209,
                238,
                144,
                213,
                485,
                243,
                376,
                181,
                204,
                124,
                56,
                27,
                23,
                13,
                18,
                3,
                10,
                10,
                24,
                19,
                54,
                90,
                73,
                101,
                135,
                84,
                85,
                42,
                33,
                27,
                26,
                21,
                20,
                19,
                24,
                19,
                28,
                22,
                23,
                25,
                13
            ],
            "additional_info": {
                "rel_error": 1,