{
    "crd24p2622j0008m9kdg": [
        {
            "totshots": 1569
        },
        {
            "decoding": "gaussian",
            "d_new": "47",
            "error_list_dict": {
                "soft_mean": [
                    1347,
                    1369
                ],
                "soft_indiv": [
                    1264,
                    1289
                ],
                "hard_indiv": [
                    1236,
                    1272
                ],
                "hard_mean": [
                    1333,
                    1357
                ],
                "hard_mean_mean": [
                    1319,
                    1342
                ],
                "hard_mean_mean_50": [
                    1317,
                    1339
                ]
            },
            "error_mean_dict": {
                "soft_mean": 1358.0,
                "soft_indiv": 1276.5,
                "hard_indiv": 1254.0,
                "hard_mean": 1345.0,
                "hard_mean_mean": 1330.5,
                "hard_mean_mean_50": 1328.0
            },
            "additional_info": {
                "job_ids": [
                    "crd24p2622j0008m9kdg"
                ],
                "calib_date": "2024-04-13 06:12:51.031308+00:00",
                "noise_list": [
                    0.01252429556374316,
                    0.0006104348716149936,
                    0.004030756225776892,
                    0.01934956737301419,
                    0.9631544263088523,
                    0.9423071346142688,
                    0.020847291694583395
                ],
                "calib_readout": 0.03163118279569892,
                "p_soft_mean": 0.020847291694583395,
                "p_hard_mean": 0.9423071346142688,
                "pSoftG_mean": 0.01006711279083097,
                "pSoftG_mean*1.5": 0.015100669186246455
            }
        },
        {
            "decoding": "kde",
            "d_new": "47",
            "error_list_dict": {
                "soft_mean": [
                    718,
                    712
                ],
                "soft_indiv": [
                    697,
                    677
                ],
                "hard_indiv": [
                    691,
                    702
                ],
                "hard_mean": [
                    737,
                    733
                ],
                "hard_mean_mean": [
                    742,
                    718
                ],
                "hard_mean_mean_50": [
                    738,
                    696
                ],
                "soft_indiv_RES": [
                    697,
                    677
                ],
                "soft_mean_RES": [
                    1062,
                    1094
                ]
            },
            "error_mean_dict": {
                "soft_mean": 715.0,
                "soft_indiv": 687.0,
                "hard_indiv": 696.5,
                "hard_mean": 735.0,
                "hard_mean_mean": 730.0,
                "hard_mean_mean_50": 717.0,
                "soft_indiv_RES": 687.0,
                "soft_mean_RES": 1078.0
            },
            "additional_info": {
                "rel_error": 1,
                "bandwidth_linspace": [
                    0.6,
                    1.2,
                    1
                ],
                "num_points_bandwidths": 20,
                "pSoft_mean": 0.03420783558606795,
                "pSoft_mean*1.5": 0.051311753379101925
            }
        },
        {
            "decoding": "kde_PS",
            "d_new": "47",
            "error_list_dict": {
                "soft_mean": [
                    87,
                    52
                ],
                "soft_indiv": [
                    56,
                    36
                ],
                "hard_indiv": [
                    999,
                    1026
                ],
                "hard_mean": [
                    1078,
                    1119
                ],
                "hard_mean_mean": [
                    672,
                    703
                ],
                "hard_mean_mean_50": [
                    445,
                    418
                ]
            },
            "error_mean_dict": {
                "soft_mean": 69.5,
                "soft_indiv": 46.0,
                "hard_indiv": 1012.5,
                "hard_mean": 1098.5,
                "hard_mean_mean": 687.5,
                "hard_mean_mean_50": 431.5
            },
            "additional_info": {
                "pSoft_PS_mean": 0.26306008226896815,
                "pSoft_PS_mean*1.5": 0.39459012340345223
            }
        },
        {
            "decoding": "gaussian",
            "d_new": "43",
            "error_list_dict": {
                "soft_mean": [
                    1361,
                    1417
                ],
                "soft_indiv": [
                    1289,
                    1381
                ],
                "hard_indiv": [
                    1258,
                    1361
                ],
                "hard_mean": [
                    1349,
                    1396
                ],
                "hard_mean_mean": [
                    1317,
                    1380
                ],
                "hard_mean_mean_50": [
                    1338,
                    1385
                ]
            },
            "error_mean_dict": {
                "soft_mean": 1389.0,
                "soft_indiv": 1335.0,
                "hard_indiv": 1309.5,
                "hard_mean": 1372.5,
                "hard_mean_mean": 1348.5,
                "hard_mean_mean_50": 1361.5
            },
            "additional_info": {
                "job_ids": [
                    "crd24p2622j0008m9kdg"
                ],
                "calib_date": "2024-04-13 06:12:51.031308+00:00",
                "noise_list": [
                    0.012673061507193637,
                    0.0006302372050144679,
                    0.004076246134938985,
                    0.019042648441079602,
                    0.9631544263088523,
                    0.9423071346142688,
                    0.020847291694583395
                ],
                "calib_readout": 0.03256705882352939,
                "p_soft_mean": 0.020847291694583395,
                "p_hard_mean": 0.9423071346142688,
                "pSoftG_mean": 0.009128955852719887,
                "pSoftG_mean*1.5": 0.01369343377907983
            }
        },
        {
            "decoding": "kde",
            "d_new": "43",
            "error_list_dict": {
                "soft_mean": [
                    727,
                    658
                ],
                "soft_indiv": [
                    687,
                    610
                ],
                "hard_indiv": [
                    713,
                    642
                ],
                "hard_mean": [
                    738,
                    702
                ],
                "hard_mean_mean": [
                    726,
                    714
                ],
                "hard_mean_mean_50": [
                    719,
                    717
                ],
                "soft_indiv_RES": [
                    687,
                    610
                ],
                "soft_mean_RES": [
                    1076,
                    1213
                ]
            },
            "error_mean_dict": {
                "soft_mean": 692.5,
                "soft_indiv": 648.5,
                "hard_indiv": 677.5,
                "hard_mean": 720.0,
                "hard_mean_mean": 720.0,
                "hard_mean_mean_50": 718.0,
                "soft_indiv_RES": 648.5,
                "soft_mean_RES": 1144.5
            },
            "additional_info": {
                "rel_error": 1,