{
    "crd23b5622j0008m9k80": [
        {
            "totshots": 1569
        },
        {
            "decoding": "gaussian",
            "d_new": "47",
            "error_list_dict": {
                "soft_mean": [
                    952,
                    992
                ],
                "soft_indiv": [
                    919,
                    949
                ],
                "hard_indiv": [
                    923,
                    949
                ],
                "hard_mean": [
                    968,
                    995
                ],
                "hard_mean_mean": [
                    970,
                    1001
                ],
                "hard_mean_mean_50": [
                    986,
                    1014
                ]
            },
            "error_mean_dict": {
                "soft_mean": 972.0,
                "soft_indiv": 934.0,
                "hard_indiv": 936.0,
                "hard_mean": 981.5,
                "hard_mean_mean": 985.5,
                "hard_mean_mean_50": 1000.0
            },
            "additional_info": {
                "job_ids": [
                    "crd23b5622j0008m9k80"
                ],
                "calib_date": "2024-04-13 06:09:54.988000+00:00",
                "noise_list": [
                    0.01252429556374316,
                    0.0006104348716149936,
                    0.004030756225776892,
                    0.01934956737301419,
                    0.036843573687147385,
                    0.027867555735111488,
                    0.0089760179520359
                ],
                "calib_readout": 0.03163118279569892,
                "p_soft_mean": 0.0089760179520359,
                "p_hard_mean": 0.027867555735111488,
                "pSoftG_mean": 0.009964635745299872,
                "pSoftG_mean*1.5": 0.014946953617949808
            }
        },
        {
            "decoding": "kde",
            "d_new": "47",
            "error_list_dict": {
                "soft_mean": [
                    1016,
                    1067
                ],
                "soft_indiv": [
                    966,
                    1027
                ],
                "hard_indiv": [
                    891,
                    949
                ],
                "hard_mean": [
                    973,
                    1007
                ],
                "hard_mean_mean": [
                    1044,
                    1078
                ],
                "hard_mean_mean_50": [
                    1073,
                    1111
                ],
                "soft_indiv_RES": [
                    966,
                    1027
                ],
                "soft_mean_RES": [
                    903,
                    921
                ]
            },
            "error_mean_dict": {
                "soft_mean": 1041.5,
                "soft_indiv": 996.5,
                "hard_indiv": 920.0,
                "hard_mean": 990.0,
                "hard_mean_mean": 1061.0,
                "hard_mean_mean_50": 1092.0,
                "soft_indiv_RES": 996.5,
                "soft_mean_RES": 912.0
            },
            "additional_info": {
                "rel_error": 1,
                "bandwidth_linspace": [
                    0.6,
                    1.2,
                    1
                ],
                "num_points_bandwidths": 20,
                "pSoft_mean": 0.03447348559684657,
                "pSoft_mean*1.5": 0.051710228395269855
            }
        },
        {
            "decoding": "kde_PS",
            "d_new": "47",
            "error_list_dict": {
                "soft_mean": [
                    971,
                    1027
                ],
                "soft_indiv": [
                    918,
                    955
                ],
                "hard_indiv": [
                    907,
                    953
                ],
                "hard_mean": [
                    955,
                    1001
                ],
                "hard_mean_mean": [
                    978,
                    1018
                ],
                "hard_mean_mean_50": [
                    1006,
                    1040
                ]
            },
            "error_mean_dict": {
                "soft_mean": 999.0,
                "soft_indiv": 936.5,
                "hard_indiv": 930.0,
                "hard_mean": 978.0,
                "hard_mean_mean": 998.0,
                "hard_mean_mean_50": 1023.0
            },
            "additional_info": {
                "pSoft_PS_mean": 0.014709191242462798,
                "pSoft_PS_mean*1.5": 0.022063786863694198
            }
        },
        {
            "decoding": "gaussian",
            "d_new": "47",
            "error_list_dict": {
                "soft_mean": [
                    867,
                    892
                ],
                "soft_indiv": [
                    828,
                    849
                ],
                "hard_indiv": [
                    827,
                    860
                ],
                "hard_mean": [
                    1042,
                    1066
                ],
                "hard_mean_mean": [
                    1044,
                    1080
                ],
                "hard_mean_mean_50": [
                    1102,
                    1135
                ]
            },
            "error_mean_dict": {
                "soft_mean": 879.5,
                "soft_indiv": 838.5,
                "hard_indiv": 843.5,
                "hard_mean": 1054.0,
                "hard_mean_mean": 1062.0,
                "hard_mean_mean_50": 1118.5
            },
            "additional_info": {
                "job_ids": [
                    "crd23b5622j0008m9k80"
                ],
                "calib_date": "2024-04-13 06:09:54.988000+00:00",
                "noise_list": [
                    0.01252429556374316,
                    0.0006104348716149936,
                    0.004030756225776892,
                    0.01934956737301419,
                    0.036843573687147385,
                    0.027867555735111488,
                    0.0089760179520359
                ],
                "calib_readout": 0.03163118279569892,
                "p_soft_mean": 0.0089760179520359,
                "p_hard_mean": 0.027867555735111488,
                "pSoftG_mean": 0.009964635745299872,
                "pSoftG_mean*1.5": 0.014946953617949808
            }
        },
        {
            "decoding": "kde",
            "d_new": "47",
            "error_list_dict": {
                "soft_mean": [
                    1075,
                    1142
                ],
                "soft_indiv": [
                    964,
                    1041
                ],
                "hard_indiv": [
                    859,
                    889
                ],
                "hard_mean": [
                    1027,
                    1049
                ],
                "hard_mean_mean": [
                    1209,
                    1312
                ],
                "hard_mean_mean_50": [
                    1295,
                    1372
                ],
                "soft_indiv_RES": [
                    964,
                    1041
                ],
                "soft_mean_RES": [
                    906,
                    917
                ]
            },
            "error_mean_dict": {
                "soft_mean": 1108.5,
                "soft_indiv": 1002.5,
                "hard_indiv": 874.0,
                "hard_mean": 1038.0,
                "hard_mean_mean": 1260.5,
                "hard_mean_mean_50": 1333.5,
                "soft_indiv_RES": 1002.5,
                "soft_mean_RES": 911.5
            },
            "additional_info": {
                "rel_error": 1,