{
    "simulator_job210": {
        "additional_info": {
            "threshold": 0,
            "ratio_leaked_PS": 0.0,
            "pSoft_PS_mean": 0.008867304187166103,
            "noise_list": [
                0.057240126994929134,
                0.0007420244161946203,
                0.002799697114380337,
                0.008212375992894684,
                0.05156360312720626,
                0.03981457962915927,
                0.0
            ],
            "nBits_list": [
                1,
                2,
                3,
                4,
                5,
                6,
                7,
                8,
                9,
                10,
                11,
                15,
                -1
            ]
        },
        "distances": {
            "3": {
                "tot_shots_with_all_subsets": 753500.0,
                "dict_s_KPS": {
                    "errs_per_bit": [
                        367483,
                        367130,
                        366908,
                        366974,
                        366901,
                        367020,
                        367006,
                        367017,
                        367010,
                        366998,
                        366984,
                        366993,
                        366990
                    ]
                }
            },
            "5": {
                "tot_shots_with_all_subsets": 723360.0,
                "dict_s_KPS": {
                    "errs_per_bit": [
                        306484,
                        304755,
                        304471,
                        304369,
                        304418,
                        304213,
                        304262,
                        304325,
                        304227,
                        304259,
                        304267,
                        304265,
                        304263
                    ]
                }
            },
            "7": {
                "tot_shots_with_all_subsets": 693220.0,
                "dict_s_KPS": {
                    "errs_per_bit": [
                        236698,
                        233892,
                        233068,
                        232997,
                        232870,
                        232785,
                        232815,
                        232812,
                        232766,
                        232785,
                        232777,
                        232787,
                        232785
                    ]
                }
            },
            "9": {
                "tot_shots_with_all_subsets": 663080.0,
                "dict_s_KPS": {
                    "errs_per_bit": [
                        175500,
                        171278,
                        170714,
                        170454,
                        170482,
                        170341,
                        170242,
                        170252,
                        170218,
                        170249,
                        170257,
                        170257,
                        170258
                    ]
                }
            },
            "11": {
                "tot_shots_with_all_subsets": 632940.0,
                "dict_s_KPS": {
                    "errs_per_bit": [
                        128941,
                        124524,
                        123892,
                        123594,
                        123506,
                        123402,
                        123365,
                        123352,
                        123381,
                        123365,
                        123367,
                        123381,
                        123381
                    ]
                }
            },
            "13": {
                "tot_shots_with_all_subsets": 602800.0,
                "dict_s_KPS": {
                    "errs_per_bit": [
                        94010,
                        89728,
                        89375,
                        89223,
                        88955,
                        88818,
                        88774,
                        88805,
                        88775,
                        88754,
                        88767,
                        88764,
                        88761
                    ]
                }
            },
            "15": {
                "tot_shots_with_all_subsets": 572660.0,
                "dict_s_KPS": {
                    "errs_per_bit": [
                        68141,
                        64490,
                        63852,
                        63718,
                        63565,
                        63574,
                        63467,
                        63492,
                        63491,
                        63485,
                        63484,
                        63489,
                        63486
                    ]
                }
            },
            "17": {
                "tot_shots_with_all_subsets": 542520.0,
                "dict_s_KPS": {
                    "errs_per_bit": [
                        49842,
                        46592,
                        45978,
                        45990,
                        45791,
                        45706,
                        45659,
                        45691,
                        45694,
                        45693,
                        45693,
                        45695,
                        45694
                    ]
                }
            },
            "19": {
                "tot_shots_with_all_subsets": 512380.0,
                "dict_s_KPS": {
                    "errs_per_bit": [
                        35942,
                        33361,
                        32998,
                        32982,
                        32864,
                        32884,
                        32856,
                        32849,
                        32862,
                        32868,
                        32855,
                        32858,
                        32856
                    ]
                }
            },
            "21": {
                "tot_shots_with_all_subsets": 482240.0,
                "dict_s_KPS": {
                    "errs_per_bit": [
                        25933,
                        23865,
                        23531,
                        23412,
                        23400,
                        23321,
                        23291,
                        23310,
                        23296,
                        23306,
                        23300,
                        23303,
                        23301
                    ]
                }
            },
            "27": {
                "tot_shots_with_all_subsets": 391820.0,
                "dict_s_KPS": {
                    "errs_per_bit": [
                        9605,
                        8670,
                        8562,
                        8464,
                        8427,
                        8409,
                        8392,
                        8393,
                        8395,
                        8398,
                        8395,
                        8391,
                        8391
                    ]
                }
            },
            "33": {
                "tot_shots_with_all_subsets": 301400.0,