{
    "simulator_job210": {
        "additional_info": {
            "threshold": 0,
            "ratio_leaked_PS": 0.0,
            "pSoft_PS_mean": 0.008864809548655067,
            "noise_list": [
                0.057240126994929134,
                0.0007420244161946203,
                0.002799697114380337,
                0.008212375992894684,
                0.05156360312720626,
                0.03981457962915927,
                0.0
            ],
            "nBits_list": [
                1,
                2,
                3,
                4,
                5,
                6,
                7,
                8,
                9,
                10,
                11,
                15,
                -1
            ]
        },
        "distances": {
            "3": {
                "tot_shots_with_all_subsets": 753500.0,
                "dict_s_KPS": {
                    "errs_per_bit": [
                        361942,
                        361648,
                        361597,
                        361599,
                        361605,
                        361521,
                        361540,
                        361553,
                        361564,
                        361524,
                        361540,
                        361538,
                        361537
                    ]
                }
            },
            "5": {
                "tot_shots_with_all_subsets": 723360.0,
                "dict_s_KPS": {
                    "errs_per_bit": [
                        290995,
                        288966,
                        288536,
                        288364,
                        288263,
                        288321,
                        288311,
                        288326,
                        288331,
                        288304,
                        288286,
                        288299,
                        288298
                    ]
                }
            },
            "7": {
                "tot_shots_with_all_subsets": 693220.0,
                "dict_s_KPS": {
                    "errs_per_bit": [
                        213968,
                        210246,
                        209835,
                        209493,
                        209484,
                        209570,
                        209539,
                        209550,
                        209559,
                        209561,
                        209563,
                        209579,
                        209580
                    ]
                }
            },
            "9": {
                "tot_shots_with_all_subsets": 663080.0,
                "dict_s_KPS": {
                    "errs_per_bit": [
                        151767,
                        147277,
                        146764,
                        146416,
                        146288,
                        146193,
                        146171,
                        146180,
                        146154,
                        146146,
                        146161,
                        146156,
                        146156
                    ]
                }
            },
            "11": {
                "tot_shots_with_all_subsets": 632940.0,
                "dict_s_KPS": {
                    "errs_per_bit": [
                        106759,
                        102305,
                        101939,
                        101615,
                        101281,
                        101340,
                        101372,
                        101388,
                        101394,
                        101366,
                        101368,
                        101363,
                        101367
                    ]
                }
            },
            "13": {
                "tot_shots_with_all_subsets": 602800.0,
                "dict_s_KPS": {
                    "errs_per_bit": [
                        74566,
                        70596,
                        70161,
                        69964,
                        69784,
                        69711,
                        69706,
                        69707,
                        69716,
                        69699,
                        69718,
                        69731,
                        69732
                    ]
                }
            },
            "15": {
                "tot_shots_with_all_subsets": 572660.0,
                "dict_s_KPS": {
                    "errs_per_bit": [
                        51926,
                        48623,
                        48359,
                        48016,
                        47933,
                        47912,
                        47828,
                        47899,
                        47886,
                        47874,
                        47882,
                        47877,
                        47874
                    ]
                }
            },
            "51": {
                "tot_shots_with_all_subsets": 30140.0,
                "dict_s_KPS": {
                    "errs_per_bit": [
                        8,
                        5,
                        4,
                        4,
                        3,
                        3,
                        3,
                        3,
                        3,
                        3,
                        3,
                        3,
                        3
                    ]
                }
            },
            "17": {
                "tot_shots_with_all_subsets": 542520.0,
                "dict_s_KPS": {
                    "errs_per_bit": [
                        36200,
                        33487,
                        33238,
                        32963,
                        32935,
                        32901,
                        32879,
                        32865,
                        32871,
                        32868,
                        32871,
                        32862,
                        32862
                    ]
                }
            },
            "19": {
                "tot_shots_with_all_subsets": 512380.0,
                "dict_s_KPS": {
                    "errs_per_bit": [
                        25034,
                        22849,
                        22666,
                        22548,
                        22447,
                        22449,
                        22456,
                        22464,
                        22478,
                        22489,
                        22484,
                        22480,
                        22482
                    ]
                }
            },
            "21": {
                "tot_shots_with_all_subsets": 482240.0,
                "dict_s_KPS": {
                    "errs_per_bit": [
                        17337,
                        15466,
                        15316,
                        15317,
                        15305,
                        15309,
                        15290,
                        15273,
                        15264,
                        15270,
                        15269,
                        15282,
                        15283
                    ]
                }
            },
            "27": {
                "tot_shots_with_all_subsets": 391820.0,