{
    "simulator_job35": {
        "additional_info": {
            "threshold": 0,
            "ratio_leaked_PS": 0.0,
            "pSoft_PS_mean": 0.008883768775730893,
            "noise_list": [
                0.0858601904923937,
                0.0011130366242919304,
                0.004199545671570506,
                0.012318563989342026,
                0.07734540469080939,
                0.059721869443738904,
                0.0
            ],
            "nBits_list": [
                1,
                2,
                3,
                4,
                5,
                6,
                7,
                8,
                9,
                10,
                11,
                15,
                -1
            ]
        },
        "distances": {
            "3": {
                "tot_shots_with_all_subsets": 376750.0,
                "dict_s_KPS": {
                    "errs_per_bit": [
                        187844,
                        187772,
                        187663,
                        187556,
                        187737,
                        187641,
                        187644,
                        187661,
                        187656,
                        187654,
                        187644,
                        187645,
                        187646
                    ]
                }
            },
            "5": {
                "tot_shots_with_all_subsets": 361680.0,
                "dict_s_KPS": {
                    "errs_per_bit": [
                        178242,
                        178253,
                        178084,
                        178000,
                        178156,
                        178141,
                        178229,
                        178205,
                        178222,
                        178208,
                        178205,
                        178197,
                        178198
                    ]
                }
            },
            "7": {
                "tot_shots_with_all_subsets": 346610.0,
                "dict_s_KPS": {
                    "errs_per_bit": [
                        164805,
                        164448,
                        164377,
                        164364,
                        164421,
                        164364,
                        164320,
                        164302,
                        164313,
                        164317,
                        164306,
                        164303,
                        164302
                    ]
                }
            },
            "9": {
                "tot_shots_with_all_subsets": 331540.0,
                "dict_s_KPS": {
                    "errs_per_bit": [
                        151273,
                        150716,
                        151010,
                        150721,
                        150878,
                        150851,
                        150771,
                        150877,
                        150831,
                        150837,
                        150821,
                        150833,
                        150832
                    ]
                }
            },
            "11": {
                "tot_shots_with_all_subsets": 316470.0,
                "dict_s_KPS": {
                    "errs_per_bit": [
                        137919,
                        136914,
                        137060,
                        136784,
                        136733,
                        136776,
                        136795,
                        136843,
                        136827,
                        136839,
                        136830,
                        136831,
                        136834
                    ]
                }
            },
            "13": {
                "tot_shots_with_all_subsets": 301400.0,
                "dict_s_KPS": {
                    "errs_per_bit": [
                        124335,
                        123176,
                        123189,
                        123361,
                        123157,
                        123110,
                        123112,
                        123149,
                        123171,
                        123165,
                        123167,
                        123176,
                        123174
                    ]
                }
            },
            "15": {
                "tot_shots_with_all_subsets": 286330.0,
                "dict_s_KPS": {
                    "errs_per_bit": [
                        111833,
                        110771,
                        110647,
                        110677,
                        110513,
                        110502,
                        110522,
                        110502,
                        110464,
                        110460,
                        110484,
                        110486,
                        110486
                    ]
                }
            },
            "17": {
                "tot_shots_with_all_subsets": 271260.0,
                "dict_s_KPS": {
                    "errs_per_bit": [
                        100062,
                        99068,
                        98946,
                        98885,
                        98703,
                        98730,
                        98709,
                        98707,
                        98724,
                        98719,
                        98722,
                        98723,
                        98720
                    ]
                }
            },
            "19": {
                "tot_shots_with_all_subsets": 256190.0,
                "dict_s_KPS": {
                    "errs_per_bit": [
                        88845,
                        88132,
                        88030,
                        87808,
                        87729,
                        87777,
                        87722,
                        87702,
                        87737,
                        87719,
                        87714,
                        87703,
                        87704
                    ]
                }
            },
            "21": {
                "tot_shots_with_all_subsets": 241120.0,
                "dict_s_KPS": {
                    "errs_per_bit": [
                        79244,
                        78361,
                        78117,
                        78118,
                        78044,
                        78050,
                        78063,
                        78075,
                        78066,
                        78079,
                        78076,
                        78074,
                        78073
                    ]
                }
            },
            "27": {
                "tot_shots_with_all_subsets": 195910.0,
                "dict_s_KPS": {
                    "errs_per_bit": [
                        54255,
                        53436,
                        53483,
                        53521,
                        53399,
                        53462,
                        53459,
                        53441,
                        53469,
                        53467,
                        53474,
                        53469,
                        53468
                    ]
                }
            },
            "33": {
                "tot_shots_with_all_subsets": 150700.0,