{
    "simulator_job35": {
        "additional_info": {
            "threshold": 0,
            "ratio_leaked_PS": 0.0,
            "pSoft_PS_mean": 0.008884861188618807,
            "noise_list": [
                0.0858601904923937,
                0.0011130366242919304,
                0.004199545671570506,
                0.012318563989342026,
                0.07734540469080939,
                0.059721869443738904,
                0.0
            ],
            "nBits_list": [
                1,
                2,
                3,
                4,
                5,
                6,
                7,
                8,
                9,
                10,
                11,
                15,
                -1
            ]
        },
        "distances": {
            "3": {
                "tot_shots_with_all_subsets": 376750.0,
                "dict_s_KPS": {
                    "errs_per_bit": [
                        188010,
                        188266,
                        188440,
                        188245,
                        188355,
                        188367,
                        188423,
                        188372,
                        188391,
                        188391,
                        188387,
                        188386,
                        188387
                    ]
                }
            },
            "5": {
                "tot_shots_with_all_subsets": 361680.0,
                "dict_s_KPS": {
                    "errs_per_bit": [
                        179118,
                        179112,
                        178988,
                        179071,
                        179052,
                        179059,
                        179034,
                        179037,
                        179040,
                        179034,
                        179036,
                        179039,
                        179040
                    ]
                }
            },
            "7": {
                "tot_shots_with_all_subsets": 346610.0,
                "dict_s_KPS": {
                    "errs_per_bit": [
                        168186,
                        168062,
                        168215,
                        168015,
                        167867,
                        167916,
                        167935,
                        167925,
                        167876,
                        167882,
                        167895,
                        167898,
                        167895
                    ]
                }
            },
            "9": {
                "tot_shots_with_all_subsets": 331540.0,
                "dict_s_KPS": {
                    "errs_per_bit": [
                        156565,
                        156264,
                        156309,
                        156308,
                        156253,
                        156190,
                        156173,
                        156217,
                        156227,
                        156206,
                        156227,
                        156219,
                        156221
                    ]
                }
            },
            "11": {
                "tot_shots_with_all_subsets": 316470.0,
                "dict_s_KPS": {
                    "errs_per_bit": [
                        144529,
                        144061,
                        143919,
                        143916,
                        143758,
                        143946,
                        143921,
                        143897,
                        143903,
                        143923,
                        143915,
                        143909,
                        143906
                    ]
                }
            },
            "13": {
                "tot_shots_with_all_subsets": 301400.0,
                "dict_s_KPS": {
                    "errs_per_bit": [
                        132931,
                        132330,
                        132003,
                        132059,
                        131963,
                        131986,
                        132021,
                        131967,
                        131981,
                        131990,
                        131983,
                        132002,
                        132000
                    ]
                }
            },
            "15": {
                "tot_shots_with_all_subsets": 286330.0,
                "dict_s_KPS": {
                    "errs_per_bit": [
                        121387,
                        120803,
                        120435,
                        120542,
                        120474,
                        120407,
                        120467,
                        120430,
                        120406,
                        120426,
                        120420,
                        120429,
                        120429
                    ]
                }
            },
            "17": {
                "tot_shots_with_all_subsets": 271260.0,
                "dict_s_KPS": {
                    "errs_per_bit": [
                        110408,
                        109670,
                        109584,
                        109585,
                        109522,
                        109566,
                        109482,
                        109508,
                        109517,
                        109534,
                        109541,
                        109543,
                        109543
                    ]
                }
            },
            "19": {
                "tot_shots_with_all_subsets": 256190.0,
                "dict_s_KPS": {
                    "errs_per_bit": [
                        100710,
                        99790,
                        99556,
                        99435,
                        99488,
                        99423,
                        99447,
                        99429,
                        99411,
                        99414,
                        99422,
                        99420,
                        99416
                    ]
                }
            },
            "21": {
                "tot_shots_with_all_subsets": 241120.0,
                "dict_s_KPS": {
                    "errs_per_bit": [
                        91186,
                        90351,
                        89995,
                        89996,
                        90009,
                        89972,
                        89992,
                        90034,
                        90003,
                        90013,
                        90001,
                        90006,
                        90007
                    ]
                }
            },
            "27": {
                "tot_shots_with_all_subsets": 195910.0,
                "dict_s_KPS": {
                    "errs_per_bit": [
                        66215,
                        65358,
                        65172,
                        65047,
                        64988,
                        65032,
                        64970,
                        65009,
                        64993,
                        64975,
                        64978,
                        64978,
                        64979
                    ]
                }
            },
            "33": {
                "tot_shots_with_all_subsets": 150700.0,