{
    "cqzda58czq6g0081he8g": {
        "additional_info": {
            "p_soft": 0.0057832615665231275,
            "p_hard": 0.020283290566581146,
            "noise_list": [
                0.008774633384354788,
                0.0003030722578189126,
                0.0013368546211912028,
                0.0037228032381900335,
                0.026066552133104274,
                0.020283290566581146,
                0.03142708810058631
            ],
            "calib_readout": 0.02510873786407767,
            "pSoft_mean": 0.03142708810058631
        },
        "distances": {
            "51": {
                "tot_shots": 3014,
                "soft_KDE": {
                    "mean_errs": 0.0,
                    "errs": [
                        0,
                        0
                    ]
                },
                "hard_KDE": {
                    "mean_errs": 0.0,
                    "errs": [
                        0,
                        0
                    ]
                },
                "hard_KDE_mean_pSoft": {
                    "mean_errs": 0.0,
                    "errs": [
                        0,
                        0
                    ]
                }
            },
            "47": {
                "tot_shots": 3014,
                "soft_KDE": {
                    "mean_errs": 0.0,
                    "errs": [
                        0,
                        0
                    ]
                },
                "hard_KDE": {
                    "mean_errs": 0.0,
                    "errs": [
                        0,
                        0
                    ]
                },
                "hard_KDE_mean_pSoft": {
                    "mean_errs": 0.0,
                    "errs": [
                        0,
                        0
                    ]
                }
            },
            "43": {
                "tot_shots": 3014,
                "soft_KDE": {
                    "mean_errs": 0.0,
                    "errs": [
                        0,
                        0
                    ]
                },
                "hard_KDE": {
                    "mean_errs": 0.0,
                    "errs": [
                        0,
                        0
                    ]
                },
                "hard_KDE_mean_pSoft": {
                    "mean_errs": 0.0,
                    "errs": [
                        0,
                        0
                    ]
                }
            },
            "39": {
                "tot_shots": 3014,
                "soft_KDE": {
                    "mean_errs": 0.0,
                    "errs": [
                        0,
                        0
                    ]
                },
                "hard_KDE": {
                    "mean_errs": 0.0,
                    "errs": [
                        0,
                        0
                    ]
                },
                "hard_KDE_mean_pSoft": {
                    "mean_errs": 0.0,
                    "errs": [
                        0,
                        0
                    ]
                }
            },
            "35": {
                "tot_shots": 3014,
                "soft_KDE": {
                    "mean_errs": 0.0,
                    "errs": [
                        0,
                        0
                    ]
                },
                "hard_KDE": {
                    "mean_errs": 0.0,
                    "errs": [
                        0,
                        0
                    ]
                },
                "hard_KDE_mean_pSoft": {
                    "mean_errs": 0.0,
                    "errs": [
                        0,
                        0
                    ]
                }
            },
            "31": {
                "tot_shots": 3014,
                "soft_KDE": {
                    "mean_errs": 0.0,
                    "errs": [
                        0,
                        0
                    ]
                },
                "hard_KDE": {
                    "mean_errs": 0.0,
                    "errs": [
                        0,
                        0
                    ]
                },
                "hard_KDE_mean_pSoft": {
                    "mean_errs": 0.0,
                    "errs": [
                        0,
                        0
                    ]
                }
            },
            "27": {
                "tot_shots": 3014,
                "soft_KDE": {
                    "mean_errs": 1.0,
                    "errs": [
                        2,
                        0
                    ]
                },
                "hard_KDE": {
                    "mean_errs": 0.5,
                    "errs": [
                        0,
                        1
                    ]
                },
                "hard_KDE_mean_pSoft": {
                    "mean_errs": 0.5,
                    "errs": [
                        0,
                        1
                    ]
                }
            },
            "23": {
                "tot_shots": 4521,
                "soft_KDE": {
                    "mean_errs": 2.6666666666666665,
                    "errs": [
                        8,
                        0,
                        0
                    ]
                },
                "hard_KDE": {
                    "mean_errs": 3.6666666666666665,
                    "errs": [
                        7,
                        1,
                        3
                    ]
                },
                "hard_KDE_mean_pSoft": {
                    "mean_errs": 3.6666666666666665,
                    "errs": [
                        7,
                        1,
                        3
                    ]
                }
            },
            "19": {
                "tot_shots": 4521,
                "soft_KDE": {
                    "mean_errs": 23.0,
                    "errs": [
                        59,
                        0,
                        10
                    ]
                },
                "hard_KDE": {
                    "mean_errs": 26.333333333333332,
                    "errs": [
                        72,
                        1,
                        6
                    ]
                },
                "hard_KDE_mean_pSoft": {
                    "mean_errs": 26.333333333333332,
                    "errs": [
                        72,
                        1,
                        6
                    ]
                }
            },
            "15": {
                "tot_shots": 6028,
                "soft_KDE": {
                    "mean_errs": 24.5,
                    "errs": [
                        73,
                        2,
                        2,
                        21
                    ]
                },
                "hard_KDE": {
                    "mean_errs": 26.25,
                    "errs": [
                        79,
                        1,
                        3,
                        22
                    ]
                },
                "hard_KDE_mean_pSoft": {
                    "mean_errs": 26.25,
                    "errs": [
                        79,
                        1,
                        3,
                        22
                    ]
                }
            },
            "11": {
                "tot_shots": 9042,
                "soft_KDE": {
                    "mean_errs": 37.166666666666664,
                    "errs": [
                        72,
                        63,
                        1,
                        5,
                        41,
                        41
                    ]
                },